load,id,title,slug,excerpt,content,author,date,categories,featuredImage,featured
TRUE,1,"A Brief History of the Ottoman Empire","ottoman-empire-history","Explore the rise and fall of the Ottoman Empire, a significant power shaping global history.","<h2>The Birth of an Empire (1299-1453)</h2>
<p>The Ottoman Empire began as a small Turkish state in Anatolia in the late 13th century. Founded by Osman I, the empire would eventually become one of the most influential political entities in history, spanning three continents and lasting for more than 600 years.</p>
<p>By the early 14th century, the Ottomans had already begun expanding their territory under the leadership of Osman's son, Orhan. They crossed into Europe in 1354, beginning a period of rapid conquest in the Balkans.</p>
<img src='https://picsum.photos/id/1001/800/400' alt='Map of early Ottoman expansion' />
<p>The defining moment in early Ottoman history came with the conquest of Constantinople in 1453 by Sultan Mehmed II (also known as Mehmed the Conqueror). This transformative event:</p>
<ul>
  <li>Ended the Byzantine Empire after more than 1,000 years</li>
  <li>Secured the Ottomans' position as a major power in the Eastern Mediterranean</li>
  <li>Transformed Constantinople (now Istanbul) into the empire's new capital</li>
  <li>Shifted European trade routes and sparked the Age of Exploration</li>
</ul>

<h2>The Golden Age (1453-1566)</h2>
<p>The period following the conquest of Constantinople marked the Ottoman Empire's golden age, particularly during the reign of Suleiman the Magnificent (1520-1566). Under his rule, the empire reached its zenith in terms of:</p>
<ol>
  <li><strong>Political power</strong> - The Ottomans controlled lands from Algeria to the Persian Gulf, and from Hungary to Yemen</li>
  <li><strong>Military might</strong> - Their forces threatened Vienna, the gateway to Western Europe</li>
  <li><strong>Cultural achievement</strong> - Ottoman architecture, literature, art, and science flourished</li>
  <li><strong>Economic prosperity</strong> - The empire controlled key trade routes between East and West</li>
</ol>
<img src='https://picsum.photos/id/1002/800/400' alt='Portrait of Suleiman the Magnificent' />
<p>During this period, the Ottoman administrative system was highly sophisticated. The empire was organized into provinces (vilayets) governed by pashas. The central government, known as the Sublime Porte, maintained control through a combination of military power and bureaucratic efficiency.</p>

<h2>Challenges and Reform (1566-1800s)</h2>
<p>Following Suleiman's death, the empire gradually began facing challenges that would eventually lead to its decline:</p>
<ul>
  <li>Military stagnation as European powers modernized their armies and navies</li>
  <li>Economic difficulties due to inflation and changing trade routes</li>
  <li>Political corruption and the growing power of local governors</li>
  <li>Unsuccessful wars against European powers resulting in territorial losses</li>
</ul>
<p>The 18th and early 19th centuries saw attempts at reform, particularly during the Tanzimat period (1839-1876). These efforts aimed to modernize the empire along European lines, with changes to:</p>
<ol>
  <li>The military structure and training</li>
  <li>Government administration and legal system</li>
  <li>Educational institutions</li>
  <li>Economic policies</li>
</ol>
<img src='https://picsum.photos/id/1003/800/400' alt='Ottoman reform period illustration' />

<h2>Decline and Dissolution (1800s-1922)</h2>
<p>Despite reform efforts, the 19th century saw the Ottoman Empire increasingly referred to as 'the sick man of Europe.' Several factors contributed to its continued decline:</p>
<ul>
  <li>The rise of nationalism among various ethnic groups within the empire</li>
  <li>Continued military defeats and territorial losses</li>
  <li>European imperial ambitions in Ottoman territories</li>
  <li>Economic dependencies on European powers</li>
</ul>
<p>World War I proved to be the final blow to the Ottoman Empire. Siding with Germany and the Central Powers, the Ottomans were defeated along with their allies. The subsequent Treaty of Sèvres (1920) carved up much of the empire's remaining territory.</p>
<p>The Turkish War of Independence, led by Mustafa Kemal Atatürk, resulted in the abolition of the sultanate in 1922 and the declaration of the Republic of Turkey in 1923, marking the official end of the Ottoman Empire.</p>
<img src='https://picsum.photos/id/1004/800/400' alt='Atatürk and the founding of modern Turkey' />

<h2>Legacy and Influence</h2>
<p>The Ottoman Empire's legacy remains significant in numerous ways:</p>
<ol>
  <li><strong>Political geography</strong> - Many modern Middle Eastern and Balkan states emerged from former Ottoman territories</li>
  <li><strong>Cultural influence</strong> - Ottoman art, architecture, cuisine, and music continue to influence these regions</li>
  <li><strong>Religious impact</strong> - The empire's protection of Islamic institutions shaped their modern development</li>
  <li><strong>Historical lessons</strong> - The Ottoman experience with modernization and multinational governance offers insights for contemporary situations</li>
</ol>
<p>Studying the Ottoman Empire provides valuable perspectives on imperial governance, religious coexistence, cultural exchange, and the challenges of reform in traditional societies. Its rise and fall encompass many of the major themes of world history over the past seven centuries.</p>","John Historian","2023-10-15","history","https://picsum.photos/800/600?random=1",TRUE
TRUE,2,"The Importance of Monthly Budgeting","importance-of-monthly-budgeting","Understand why monthly budgeting is essential for financial stability and achieving your goals.","<p>Monthly budgeting helps individuals control their finances, save money, and plan effectively for the future.</p>","Emily Finance","2023-09-20","personalfinance","https://picsum.photos/id/1018/1000/600",FALSE
TRUE,3,"Peace in the Middle East Means Global Peace","middle-east-global-peace","Discover why achieving peace in the Middle East could have profound global implications.","<p>Resolving conflicts in the Middle East could significantly stabilize global politics, economy, and security.</p>","Mark Global","2023-08-15","globalaffairs","https://picsum.photos/id/1025/1000/600",FALSE
TRUE,4,"Simplifying Life with Spreadsheets","spreadsheets-simplify-life","Learn how using spreadsheets can dramatically simplify personal organization and productivity.","<p>Spreadsheets aren't just for businesses. They can simplify everyday tasks, budgets, plans, and schedules for anyone.</p>","Anna Organizer","2023-08-05","spreadsheets","https://picsum.photos/id/1035/1000/600",TRUE
TRUE,5,"Why Investing Matters at Any Age","investing-matters-any-age","Investing is crucial at every life stage—learn why starting early or late can still greatly benefit you.","<h2>Why Everyone Should Invest</h2>
<p>No matter your age, investing provides opportunities to build wealth, secure your future, and achieve financial independence. While the strategies may differ based on your life stage, the fundamental benefits remain consistent.</p>
<img src='https://picsum.photos/id/1040/800/400' alt='Investment growth chart' />
<p>The most compelling reasons to invest include:</p>
<ul>
  <li><strong>Beating inflation</strong> - Money kept in regular savings accounts loses purchasing power over time</li>
  <li><strong>Compound growth</strong> - The earlier you start, the more your money can grow exponentially</li>
  <li><strong>Financial security</strong> - Creating a safety net for emergencies and opportunities</li>
  <li><strong>Retirement planning</strong> - Ensuring comfort and dignity in your later years</li>
</ul>

<h2>Investing in Your 20s and 30s</h2>
<p>Your early adult years provide the longest time horizon for investments to grow. This period is ideal for:</p>
<ol>
  <li><strong>Higher risk tolerance</strong> - You can afford to take more risks for potentially higher returns</li>
  <li><strong>Aggressive growth strategies</strong> - Allocating more to stocks and less to bonds</li>
  <li><strong>Retirement accounts</strong> - Maximizing contributions to 401(k)s and IRAs to benefit from tax advantages</li>
  <li><strong>Developing habits</strong> - Creating automatic investment routines that will serve you throughout life</li>
</ol>
<img src='https://picsum.photos/id/1043/800/400' alt='Young investors planning their future' />
<p>Even small contributions during these years can grow substantially. A monthly investment of just $200 starting at age 25 can potentially grow to over $500,000 by retirement age, assuming average market returns.</p>

<h2>Mid-Life Investment Strategies (40s-50s)</h2>
<p>As you enter your peak earning years, your investment approach should evolve:</p>
<ul>
  <li>Increasing contribution amounts as income rises</li>
  <li>Gradually shifting toward a more balanced portfolio</li>
  <li>Focusing on tax-efficient investment strategies</li>
  <li>Considering college savings if you have children</li>
</ul>
<p>This is also the time to catch up if you haven't invested much previously. The IRS allows catch-up contributions to retirement accounts for those over 50, enabling you to save more aggressively.</p>
<img src='https://picsum.photos/id/1072/800/400' alt='Mid-life financial planning' />

<h2>Pre-Retirement and Retirement Investing (60s+)</h2>
<p>As retirement approaches, preserving capital becomes more important:</p>
<ol>
  <li><strong>Asset reallocation</strong> - Shifting toward more conservative investments</li>
  <li><strong>Income generation</strong> - Focusing on dividend-paying stocks and bonds</li>
  <li><strong>Withdrawal strategies</strong> - Planning how to efficiently use your investments for income</li>
  <li><strong>Estate planning</strong> - Considering how to transfer wealth to next generations or charitable causes</li>
</ol>
<p>Even at this stage, maintaining some growth-oriented investments is important to ensure your portfolio keeps pace with inflation throughout your retirement years.</p>

<h2>Getting Started: Simple Steps</h2>
<p>No matter your age, these steps can help you begin your investment journey:</p>
<ul>
  <li>Establish an emergency fund before investing significantly</li>
  <li>Take advantage of employer retirement matching if available</li>
  <li>Consider low-cost index funds for diversification</li>
  <li>Consult with a financial advisor for personalized guidance</li>
  <li>Educate yourself continuously about investment options and strategies</li>
</ul>
<img src='https://picsum.photos/id/1080/800/400' alt='Investment planning tools' />
<p>Remember that consistency often matters more than timing. Regular, disciplined investing over time typically outperforms attempts to time the market.</p>

<h2>Conclusion</h2>
<p>Investing is not just for the wealthy or the young—it's a crucial life skill for everyone. By starting where you are, with what you have, you can build financial security and create opportunities for your future self and loved ones. The best time to start was yesterday; the second best time is today.</p>","Jake Investor","2023-06-25","personalfinance","https://picsum.photos/id/1039/1000/600",FALSE